
{
  "ID": 42,
  "Name": "Dried River",
  "Resource Location": "atum:dried_river",
  "Class": "com.teammetallurgy.atum.world.biome.BiomeDriedRiver",
  "Root Height": -0.5,
  "Height Variation": 0.0,
  "Top Block": "atum:limestone_gravel",
  "Filler Block": "atum:limestone_cracked",
  "Ocean Top Block": "Disabled. Activate in BiomeTweakerCore.",
  "Ocean Filler Block": "Disabled. Activate in BiomeTweakerCore.",
  "Actual Filler Blocks": "Disabled. Activate in BiomeTweakerCore.",
  "Grass Color": "Disabled. Activate in BiomeTweakerCore.",
  "Foliage Color": "Disabled. Activate in BiomeTweakerCore.",
  "Water Color": "16421912",
  "Temperature": 2.0,
  "Humidity": 0.0,
  "Water Tint": 16421912,
  "Enable Rain": false,
  "Enable Snow": false,
  "Dictionary Types": [
    "SPARSE",
    "HOT",
    "WATER",
    "RIVER",
    "DRY",
    "ATUM",
    "SANDY"
  ],
  "BiomeManager Entries": {},
  "Spawnable Creatures": [],
  "Spawnable Monsters": [],
  "Spawnable Water Creatures": [],
  "Spawnable Cave Creatures": [],
  "Spawn Biome": false,
  "Tweaked": false
}